<application>
  <component name="com.intellij.ide.ui.customization.CustomActionsSchema">
    <group value="Images.SetBackgroundImage" is_action="true" action_type="1" position="3">
      <path value="root" />
      <path value="主菜单" />
      <option name="myInitialPosition" value="-1" />
    </group>
    <group value="MainMenu" is_group="true" action_type="1" position="4">
      <path value="root" />
      <path value="主菜单" />
      <option name="myInitialPosition" value="-1" />
    </group>
  </component>
</application>