<application>
  <component name="NodeJsLocalInterpreterManager">
    <local-interpreter path="/usr/local/opt/nvm/versions/node/v14.17.6/bin/node">
      <version-cache version="14.17.6" last-modified="1630349856000" />
    </local-interpreter>
    <local-interpreter path="/usr/local/opt/nvm/versions/node/v14.17.0/bin/node">
      <version-cache version="14.17.0" last-modified="1620757815000" />
    </local-interpreter>
    <local-interpreter path="/usr/local/bin/node">
      <version-cache version="14.16.0" last-modified="1614039662000" />
    </local-interpreter>
    <local-interpreter path="/usr/local/opt/nvm/versions/node/v14.16.0/bin/node">
      <version-cache version="14.16.0" last-modified="1614040154000" />
    </local-interpreter>
    <local-interpreter path="/usr/local/opt/nvm/versions/node/v10.15.0/bin/node">
      <version-cache version="10.15.0" last-modified="1545801843000" />
    </local-interpreter>
    <local-interpreter path="/usr/local/bin/yarn">
      <version-cache version="1.22.17" last-modified="1634396875000" />
    </local-interpreter>
  </component>
</application>